{
    "$schema": "https://schema.management.azure.com/schemas/2015-01-01/deploymentParameters.json#",
    "contentVersion": "1.0.0.0",
    "parameters": {
        "vulnerabilityAssessments_Default_storageContainerPath": {
            "value": null
        },
        "servers_testdbserverak1_name": {
            "value": null
        },
        "vaults_TestKeyValultAK1_name": {
            "value": null
        },
        "serverfarms_ASP_TestResourceGroup_8c9f_name": {
            "value": null
        },
        "sites_AccessKeyVaultThroughSecuredWebApiAK1_name": {
            "value": null
        },
        "components_AccessKeyVaultThroughSecuredWebApiAK1_name": {
            "value": null
        },
        "userAssignedIdentities_userassignedmanagedidentity_name": {
            "value": null
        },
        "smartdetectoralertrules_failure_anomalies___accesskeyvaultthroughsecuredwebapiak1_name": {
            "value": null
        },
        "actiongroups_application_insights_smart_detection_externalid": {
            "value": null
        },
        "workspaces_DefaultWorkspace_3a2d5ac2_64e1_4144_94ff_a80ca528c92a_EUS_externalid": {
            "value": null
        }
    }
}